GCA_023622685.1.fa.gz,"Halobacteria 	Bin_33 (euryarchaeotes)",,,,type strain,
GCA_023622565.1.fa.gz,Halobacteria Bin_38 (euryarchaeotes),,,,yes,
GCA_027318585.1.fa.gz,Methanobacteriaceae archaeon (euryarchaeotes),,,,yes,
GCA_030693105.1.fa.gz,Methanobacteriaceae archaeon (euryarchaeotes),,,,yes,
GCA_013403005.1.fa.gz,Methanobacteriaceae Ch131b euryarchaeotes),,,,yes,
GCA_002839685.1.fa.gz,Methanobacteriales archaeon HGW-Methanobacteriales-2 (euryarchaeotes),,,,yes,
GCA_022709145.1.fa.gz,Methanobacteriota archaeon (euryarchaeotes),,,,yes,
GCA_023399215.1.fa.gz,Methanobacteriota archaeon (euryarchaeotes),,,,Yes,
GCA_023425165.1.fa.gz,Methanobacteriota archaeon (euryarchaeotes),,,,yes,
GCA_023434725.1.fa.gz,Methanobacteriota archaeon (euryarchaeotes),,,,yes,
GCA_023436435.1.fa.gz,Methanobacteriota archaeon (euryarchaeotes),,,,yes,
GCA_023457215.1.fa.gz,Methanobacteriota archaeon (euryarchaeotes),,,,yes,
GCA_023459075.1.fa.gz,Methanobacteriota archaeon (euryarchaeotes),,,,yes,
GCA_023459295.1.fa.gz,Methanobacteriota archaeon (euryarchaeotes),,,,yes,
GCA_029549045.1.fa.gz,Methanobacteriota archaeon (euryarchaeotes),,,,yes,
GCA_029556335.1.fa.gz,Methanobacteriota archaeon (euryarchaeotes),,,,yes,
GCA_029776655.1.fa.gz,Methanobacteriota archaeon (euryarchaeotes),,,,yes,
GCA_030054675.1.fa.gz,Methanobacteriota archaeon (euryarchaeotes),,,,yes,
GCA_030054695.1.fa.gz,Methanobacteriota archaeon (euryarchaeotes),,,,yes,
GCA_030054715.1.fa.gz,Methanobacteriota archaeon (euryarchaeotes),,,,yes,
GCA_030054735.1.fa.gz,Methanobacteriota archaeon (euryarchaeotes),,,,yes,
GCA_030837165.1.fa.gz,Methanobacteriota archaeon (euryarchaeotes),,,,yes,
GCA_030837265.1.fa.gz,Methanobacteriota archaeon (euryarchaeotes),,,,yes,
GCA_030323845.1.fa.gz,Methanobacterium aridiramus CWC-01 (euryarchaeotes),,,,,
GCA_012838205.1.fa.gz,Methanobacterium AS08sgBPME_337 (euryarchaeotes),,,,,
GCA_030296715.1.fa.gz,"Methanobacterium ferruginis 	NBRC 105197 (euryarchaeotes)",,,,,
GCA_029848115.1.fa.gz,Methanobacterium formicicum  MF (DSM 1535) (euryarchaeotes),,,,,
GCA_000762265.1.fa.gz,Methanobacterium formicicum (euryarchaeotes),,,,,
GCA_000953115.1.fa.gz,Methanobacterium formicicum (euryarchaeotes),,,,,
GCA_001458655.1.fa.gz,Methanobacterium formicicum (euryarchaeotes),,,,,
GCA_015351695.1.fa.gz,Methanobacterium_formicicum_strain_bin2,,,,,
GCA_028709645.1.fa.gz,Methanobacterium formicicum (euryarchaeotes),,,,,
GCA_029601605.1.fa.gz,Methanobacterium formicicum (euryarchaeotes),,,,,
GCA_937905965.1.fa.gz,Methanobacterium formicicum (euryarchaeotes),,,,,
GCA_000302455.1.fa.gz,Methanobacterium formicicum DSM 3637 (euryarchaeotes),,,,,
GCA_001316325.1.fa.gz,Methanobacterium formicicum JCM 10132 (euryarchaeotes),,,,,
GCA_030296735.1.fa.gz,"Methanobacterium petrolearium 	NBRC 105198 (euryarchaeotes)",,,,,
GCA_017873625.1.fa.gz,Methanobacterium petrolearium DSM 22353 (euryarchaeotes),,,,,
GCA_016217785.1.fa.gz,Methanobacterium sp. (euryarchaeotes),,,,,
GCA_016839005.1.fa.gz,Methanobacterium_sp_strain_Rep1_Bin027,,,,,
GCA_018263095.1.fa.gz,Methanobacterium sp. (euryarchaeotes),,,,,
GCA_020854955.1.fa.gz,Methanobacterium sp. (euryarchaeotes),,,,,
GCA_020854975.1.fa.gz,Methanobacterium sp. (euryarchaeotes),,,,,
GCA_020855015.1.fa.gz,Methanobacterium sp. (euryarchaeotes),,,,,
GCA_028697775.1.fa.gz,Methanobacterium sp. (euryarchaeotes),,,,,
GCA_029975515.1.fa.gz,Methanobacterium sp. (euryarchaeotes),,,,,
GCA_029981945.1.fa.gz,Methanobacterium sp. (euryarchaeotes),,,,,
GCA_030539815.1.fa.gz,Methanobacterium sp. (euryarchaeotes),,,,,
GCA_001509005.1.fa.gz,Methanobacterium sp. 42_16 (euryarchaeotes),,,,,
GCA_003491305.1.fa.gz,Methanobacterium sp. BAmetb5 (euryarchaeotes),,,,,
GCA_000309865.1.fa.gz,Methanobacterium sp. Maddingley MBC34 (euryarchaeotes),,,,,
GCA_000499765.1.fa.gz,Methanobacterium sp. MB1 (euryarchaeotes),,,,,
GCA_002813675.1.fa.gz,Methanobacterium sp. MZ-A1 (euryarchaeotes),,,,,
GCA_002067065.1.fa.gz,Methanobacterium sp. PtaB.Bin024 (euryarchaeotes),,,,,
GCA_002502445.1.fa.gz,Methanobacterium sp. UBA283 (euryarchaeotes),,,,,
GCA_002509705.1.fa.gz,Methanobacterium sp. UBA297 (euryarchaeotes),,,,,
GCA_002496805.1.fa.gz,Methanobacterium sp. UBA353 (euryarchaeotes),,,,,
GCA_002503005.1.fa.gz,Methanobacterium sp. UBA380 (euryarchaeotes),,,,,
GCA_002509005.1.fa.gz,Methanobacterium sp. UBA388 (euryarchaeotes),,,,,
GCA_002507095.1.fa.gz,Methanobacterium sp. UBA455 (euryarchaeotes),,,,,
GCA_002503345.1.fa.gz,Methanobacterium sp. UBA479 (euryarchaeotes),,,,,
GCA_002496545.1.fa.gz,Methanobacterium sp. UBA74 (euryarchaeotes),,,,,
GCA_013331025.1.fa.gz,Methanobacterium subterraneum (euryarchaeotes),,,,,
GCA_002813695.1.fa.gz,Methanobacterium subterraneum A8p (DSM 11074) (euryarchaeotes),,,,yes,
GCA_012933645.1.fa.gz,Methanobacterium subterraneum HO_2020 (euryarchaeotes),,,,,
GCA_002813655.1.fa.gz,Methanobacterium subterraneum MO-MB1 (euryarchaeotes),,,,,
GCA_019351055.1.fa.gz,Methanobacterium subterraneum sp. YSL (euryarchaeotes),,,,,
GCA_003550375.1.fa.gz,Methanocalculaceae archaeon B1Sed10_97 (euryarchaeotes),,,,,
GCA_030655975.1.fa.gz,"Methanocalculus 	E21_maxbin.092 (euryarchaeotes)",,,,,
GCA_024170505.1.fa.gz,Methanocalculus alkaliphilus AMF2 (euryarchaeotes),,,,,
GCA_018132105.1.fa.gz,Methanocalculus chunghsingensis K1F9705b (euryarchaeotes),,,,,
GCA_030651615.1.fa.gz,Methanocalculus E9_metabat.bin.14 (euryarchaeotes),,,,,
GCA_024170265.1.fa.gz,Methanocalculus natronophilus AMF5 (euryarchaeotes),,,,,
GCA_003552845.1.fa.gz,Methanocalculus natronophilus B1Sed10_129R1 (euryarchaeotes),,,,,
GCA_003559825.1.fa.gz,Methanocalculus natronophilus CSSed10_173R1 (euryarchaeotes),,,,,
GCA_029762515.1.fa.gz,Methanocalculus sp. (euryarchaeotes),,,,,
GCA_001508455.1.fa.gz,Methanocalculus sp. 52_23 (euryarchaeotes),,,,,
GCA_003838185.1.fa.gz,Methanocalculus sp. MSAO_Arc1 (euryarchaeotes),,,,,
GCA_003838065.1.fa.gz,Methanocalculus sp. MSAO_Arc2 (euryarchaeotes),,,,,
GCA_013329165.1.fa.gz,Methanocalculus sp. UBA9912 (euryarchaeotes),,,,,
GCA_024372745.1.fa.gz,Methanocalculus taiwanensis P2F9704a (euryarchaeotes),,,,,
GCA_011620885.1.fa.gz,Methanocalculus WOFA02 (euryarchaeotes),,,,,
GCA_007130455.1.fa.gz,Methanocalculus_alkaliphilus CSSed165cm_604R1 (euryarchaeotes),,,,,
GCA_002496395.1.fa.gz,Methanocorpusculaceae archaeon UBA456 (euryarchaeotes),,,,,
GCA_002256575.1.fa.gz,Methanosaeta sp. NSM2 (euryarchaeotes),,,,,
GCA_002256595.1.fa.gz,Methanosaeta sp. NSP1 (euryarchaeotes),,,,,
GCA_002067755.1.fa.gz,Methanosaeta sp. PtaB.Bin018 (euryarchaeotes),,,,,
GCA_002067905.1.fa.gz,Methanosaeta sp. PtaU1.Bin016 (euryarchaeotes),,,,,
GCA_002067365.1.fa.gz,Methanosaeta sp. PtaU1.Bin060 (euryarchaeotes),,,,,
GCA_002067705.1.fa.gz,Methanosaeta sp. PtaU1.Bin112 (euryarchaeotes),,,,,
GCA_002503445.1.fa.gz,Methanosaeta sp. UBA243 (euryarchaeotes),,,,,
GCA_002507265.1.fa.gz,Methanosaeta sp. UBA332 (euryarchaeotes),,,,,
GCA_002496465.1.fa.gz,Methanosaeta sp. UBA356 (euryarchaeotes),,,,,
GCA_002507035.1.fa.gz,Methanosaeta sp. UBA372 (euryarchaeotes),,,,,
GCA_002496085.1.fa.gz,Methanosaeta sp. UBA458 (euryarchaeotes),,,,,
GCA_002498745.1.fa.gz,Methanosaeta sp. UBA533 (euryarchaeotes),,,,,
GCA_002502475.1.fa.gz,Methanosaeta sp. UBA70 (euryarchaeotes),,,,,
GCA_002505805.1.fa.gz,Methanosaeta sp. UBA80 (euryarchaeotes),,,,,
GCA_007127385.1.fa.gz,Methanosalsum CSSed162cmB_328 (euryarchaeotes),,,,,
GCA_024808815.1.fa.gz,Methanosalsum natronophilum AME2 (euryarchaeotes),,,,,
GCA_003838235.1.fa.gz,Methanosalsum natronophilum MSAO_Arc3 (euryarchaeotes),,,,,
GCA_003555325.1.fa.gz,Methanosalsum natronophilum T1Sed10_164 (euryarchaeotes),,,,,
GCA_000217995.1.fa.gz,Methanosalsum zhilinae DSM 4017 (euryarchaeotes),,,,,
GCA_013329655.1.fa.gz,Methanosarcina acetivorans (euryarchaeotes),,,,,
GCA_012839505.1.fa.gz,Methanosarcina AS05jafATM_20 (euryarchaeotes),,,,,
GCA_937906725.1.fa.gz,Methanosarcina barkeri (euryarchaeotes),,,,,
GCA_000970065.1.fa.gz,Methanosarcina barkeri 227 (euryarchaeotes),,methan04,,,
GCA_000970305.1.fa.gz,Methanosarcina barkeri 3 (euryarchaeotes),,,,,
GCA_001027005.1.fa.gz,Methanosarcina barkeri CM1 (euryarchaeotes),,,,,
GCA_001316305.1.fa.gz,Methanosarcina barkeri JCM 10043 (euryarchaeotes),,,,,
GCA_000970025.1.fa.gz,Methanosarcina barkeri MS (euryarchaeotes),,,,,
GCA_000969985.1.fa.gz,Methanosarcina barkeri str. Wiesmoor (euryarchaeotes),,,,,
GCA_012519275.1.fa.gz,Methanosarcina flavescens AS22ysBPME_46 (euryarchaeotes),,,,,
GCA_001304615.2.fa.gz,Methanosarcina flavescens E03.2 (euryarchaeotes),,,,,
GCA_000970285.1.fa.gz,Methanosarcina horonobensis HB-1 = JCM 15518 (euryarchaeotes),,,,,
GCA_001316205.1.fa.gz,Methanosarcina horonobensis HB-1 = JCM 15518 (euryarchaeotes),,,,,
GCA_000970265.1.fa.gz,Methanosarcina lacustris Z-7289 (euryarchaeotes),,,,,
GCA_000978935.1.fa.gz,Methanosarcina mazei (euryarchaeotes),,,,,
GCA_000978945.1.fa.gz,Methanosarcina mazei (euryarchaeotes),,,,,
GCA_000978955.1.fa.gz,Methanosarcina mazei (euryarchaeotes),,,,,
GCA_000978965.1.fa.gz,Methanosarcina mazei (euryarchaeotes),,,,,
GCA_000979015.1.fa.gz,Methanosarcina mazei (euryarchaeotes),,,,,
GCA_000979025.1.fa.gz,Methanosarcina mazei (euryarchaeotes),,,,,
GCA_000979035.1.fa.gz,Methanosarcina mazei (euryarchaeotes),,,,,
GCA_000979045.1.fa.gz,Methanosarcina mazei (euryarchaeotes),,,,,
GCA_000979095.1.fa.gz,Methanosarcina mazei (euryarchaeotes),,,,,
GCA_000979105.1.fa.gz,Methanosarcina mazei (euryarchaeotes),,,,,
GCA_000979115.1.fa.gz,Methanosarcina mazei (euryarchaeotes),,,,,
GCA_000979125.1.fa.gz,Methanosarcina mazei (euryarchaeotes),,,,,
GCA_000979175.1.fa.gz,Methanosarcina mazei (euryarchaeotes),,,,,
GCA_000979185.1.fa.gz,Methanosarcina mazei (euryarchaeotes),,,,,
GCA_000979195.1.fa.gz,Methanosarcina mazei (euryarchaeotes),,,,,
GCA_000979205.1.fa.gz,Methanosarcina mazei (euryarchaeotes),,,,,
GCA_000979255.1.fa.gz,Methanosarcina mazei (euryarchaeotes),,,,,
GCA_000979265.1.fa.gz,Methanosarcina mazei (euryarchaeotes),,,,,
GCA_000979275.1.fa.gz,Methanosarcina mazei (euryarchaeotes),,,,,
GCA_000979335.1.fa.gz,Methanosarcina mazei (euryarchaeotes),,,,,
GCA_000979345.1.fa.gz,Methanosarcina mazei (euryarchaeotes),,,,,
GCA_000979375.1.fa.gz,Methanosarcina mazei (euryarchaeotes),,,,,
GCA_000979495.1.fa.gz,Methanosarcina mazei (euryarchaeotes),,,,,
GCA_000979505.1.fa.gz,Methanosarcina mazei (euryarchaeotes),,,,,
GCA_000979515.1.fa.gz,Methanosarcina mazei (euryarchaeotes),,,,,
GCA_000979555.1.fa.gz,Methanosarcina mazei (euryarchaeotes),,,,,
GCA_000979575.1.fa.gz,Methanosarcina mazei (euryarchaeotes),,,,,
GCA_000979585.1.fa.gz,Methanosarcina mazei (euryarchaeotes),,,,,
GCA_000979595.1.fa.gz,Methanosarcina mazei (euryarchaeotes),,,,,
GCA_000979635.1.fa.gz,Methanosarcina mazei (euryarchaeotes),,,,,
GCA_000979655.1.fa.gz,Methanosarcina mazei (euryarchaeotes),,,,,
GCA_000979665.1.fa.gz,Methanosarcina mazei (euryarchaeotes),,,,,
GCA_000979675.1.fa.gz,Methanosarcina mazei (euryarchaeotes),,,,,
GCA_000979685.1.fa.gz,Methanosarcina mazei (euryarchaeotes),,,,,
GCA_000979735.1.fa.gz,Methanosarcina mazei (euryarchaeotes),,,,,
GCA_000979745.1.fa.gz,Methanosarcina mazei (euryarchaeotes),,,,,
GCA_000979755.1.fa.gz,Methanosarcina mazei (euryarchaeotes),,,,,
GCA_000979765.1.fa.gz,Methanosarcina mazei (euryarchaeotes),,,,,
GCA_000979815.1.fa.gz,Methanosarcina mazei (euryarchaeotes),,,,,
GCA_000979825.1.fa.gz,Methanosarcina mazei (euryarchaeotes),,,,,
GCA_000979845.1.fa.gz,Methanosarcina mazei (euryarchaeotes),,,,,
GCA_000979855.1.fa.gz,Methanosarcina mazei (euryarchaeotes),,,,,
GCA_000979895.1.fa.gz,Methanosarcina mazei (euryarchaeotes),,,,,
GCA_000979915.1.fa.gz,Methanosarcina mazei (euryarchaeotes),,,,,
GCA_000979925.1.fa.gz,Methanosarcina mazei (euryarchaeotes),,,,,
GCA_000979935.1.fa.gz,Methanosarcina mazei (euryarchaeotes),,,,,yes
GCA_000979995.1.fa.gz,Methanosarcina mazei (euryarchaeotes),,,,,
GCA_000980005.1.fa.gz,Methanosarcina mazei (euryarchaeotes),,,,,
GCA_000980025.1.fa.gz,Methanosarcina mazei (euryarchaeotes),,,,,
GCA_000980055.1.fa.gz,Methanosarcina mazei (euryarchaeotes),,,,,
GCA_000980075.1.fa.gz,Methanosarcina mazei (euryarchaeotes),,,,,
GCA_000980085.1.fa.gz,Methanosarcina mazei (euryarchaeotes),,,,,
GCA_000980105.1.fa.gz,Methanosarcina mazei (euryarchaeotes),,,,,
GCA_000980135.1.fa.gz,Methanosarcina mazei (euryarchaeotes),,,,,
GCA_000980155.1.fa.gz,Methanosarcina mazei (euryarchaeotes),,,,,
GCA_000980175.1.fa.gz,Methanosarcina mazei (euryarchaeotes),,,,,
GCA_002496095.1.fa.gz,Methanosarcina mazei (euryarchaeotes),,,,,
GCA_002506415.1.fa.gz,Methanosarcina mazei (euryarchaeotes),,,,,
GCA_002507065.1.fa.gz,Methanosarcina mazei (euryarchaeotes),,,,,
GCA_005485005.1.fa.gz,Methanosarcina mazei (euryarchaeotes),,,,,
GCA_010706455.1.fa.gz,Methanosarcina mazei (euryarchaeotes),,,,,
GCA_018432985.1.fa.gz,Methanosarcina mazei (euryarchaeotes),,,,,
GCA_018433825.1.fa.gz,Methanosarcina mazei (euryarchaeotes),,,,,
GCA_018436405.1.fa.gz,Methanosarcina mazei (euryarchaeotes),,,,,
GCA_019669945.1.fa.gz,Methanosarcina mazei (euryarchaeotes),,,,,
GCA_030247745.1.fa.gz,Methanosarcina mazei (euryarchaeotes),,,,,
GCA_030247815.1.fa.gz,Methanosarcina mazei (euryarchaeotes),,,,,
GCA_030539765.1.fa.gz,Methanosarcina mazei (euryarchaeotes),,,,,
GCA_000970245.1.fa.gz,Methanosarcina mazei C16 (euryarchaeotes),,,,,
GCA_001315865.1.fa.gz,Methanosarcina mazei JCM 9314 (euryarchaeotes),,,,,
GCA_000970225.1.fa.gz,Methanosarcina mazei LYC (euryarchaeotes),,,,,
GCA_000970205.1.fa.gz,Methanosarcina mazei S-6 (euryarchaeotes),,,,,
GCA_000970185.1.fa.gz,Methanosarcina mazei SarPi (euryarchaeotes),,,,,
GCA_025035885.1.fa.gz,Methanosarcina mazei TMA (euryarchaeotes),,,,,
GCA_000341715.1.fa.gz,Methanosarcina mazei Tuc01 (euryarchaeotes),,,,,
GCA_000970165.1.fa.gz,Methanosarcina mazei WWM610 (euryarchaeotes),,,,,
GCA_000970145.1.fa.gz,Methanosarcina siciliae C2J (euryarchaeotes),,,,,
GCA_000970125.1.fa.gz,Methanosarcina siciliae HI350 (euryarchaeotes),,,,,
GCA_000970085.1.fa.gz,Methanosarcina siciliae T4/M (euryarchaeotes),,,,,
GCA_000744315.1.fa.gz,Methanosarcina soligelidi SMA-21 (euryarchaeotes),,,,,
GCA_003157235.1.fa.gz,Methanosarcina sp. (euryarchaeotes),,,,,
GCA_003164755.1.fa.gz,Methanosarcina sp. (euryarchaeotes),,,,,
GCA_012522315.1.fa.gz,Methanosarcina sp. (euryarchaeotes),,,,,
GCA_013330315.1.fa.gz,Methanosarcina sp. (euryarchaeotes),,,,,
GCA_013331265.1.fa.gz,Methanosarcina sp. (euryarchaeotes),,,,,
GCA_013331275.1.fa.gz,Methanosarcina sp. (euryarchaeotes),,,,,
GCA_017883465.1.fa.gz,Methanosarcina sp. (euryarchaeotes),,,,,
GCA_017883485.1.fa.gz,Methanosarcina sp. (euryarchaeotes),,,,,
GCA_024280975.1.fa.gz,Methanosarcina sp. (euryarchaeotes),,,,,
GCA_028683675.1.fa.gz,Methanosarcina sp. (euryarchaeotes),,,,,
GCA_028686525.1.fa.gz,Methanosarcina sp. (euryarchaeotes),,,,,
GCA_028692935.1.fa.gz,Methanosarcina sp. (euryarchaeotes),,,,,
GCA_028693135.1.fa.gz,Methanosarcina sp. (euryarchaeotes),,,,,
GCA_028698985.1.fa.gz,Methanosarcina sp. (euryarchaeotes),,,,,
GCA_028702875.1.fa.gz,Methanosarcina sp. (euryarchaeotes),,,,,
GCA_028703615.1.fa.gz,Methanosarcina sp. (euryarchaeotes),,,,,
GCA_028705965.1.fa.gz,Methanosarcina sp. (euryarchaeotes),,,,,
GCA_028707615.1.fa.gz,Methanosarcina sp. (euryarchaeotes),,,,,
GCA_000979975.1.fa.gz,Methanosarcina sp. 1.H.A.2.2 (euryarchaeotes),,,,,
GCA_000979295.1.fa.gz,Methanosarcina sp. 1.H.T.1A.1 (euryarchaeotes),,,,,
GCA_000979385.1.fa.gz,Methanosarcina sp. 2.H.A.1B.4 (euryarchaeotes),,,,,
GCA_000979415.1.fa.gz,Methanosarcina sp. 2.H.T.1A.15 (euryarchaeotes),,,,,
GCA_000979425.1.fa.gz,Methanosarcina sp. 2.H.T.1A.3 (euryarchaeotes),,,,,
GCA_000979455.1.fa.gz,Methanosarcina sp. 2.H.T.1A.6 (euryarchaeotes),,,,,
GCA_000979475.1.fa.gz,Methanosarcina sp. 2.H.T.1A.8 (euryarchaeotes),,,,,
GCA_001402855.1.fa.gz,Methanosarcina sp. 795 (euryarchaeotes),,,,,
GCA_001729375.1.fa.gz,Methanosarcina sp. A14 (euryarchaeotes),,,,,
GCA_001714685.2.fa.gz,Methanosarcina sp. Ant1 (euryarchaeotes),,,,,
GCA_001512365.1.fa.gz,Methanosarcina sp. DTU009 (euryarchaeotes),,,,,
GCA_000969945.1.fa.gz,Methanosarcina sp. Kolksee (euryarchaeotes),,,,,
GCA_024372725.1.fa.gz,Methanosarcina sp. KYL-1 (euryarchaeotes),,,,,
GCA_004099695.1.fa.gz,Methanosarcina sp. MSH10X1 (euryarchaeotes),,,,,
GCA_002497045.1.fa.gz,Methanosarcina sp. UBA135 (euryarchaeotes),,,,,
GCA_002496565.1.fa.gz,Methanosarcina sp. UBA289 (euryarchaeotes),,,,,
GCA_002499445.1.fa.gz,Methanosarcina sp. UBA293 (euryarchaeotes),,,,,
GCA_002504605.1.fa.gz,Methanosarcina sp. UBA301 (euryarchaeotes),,,,,
GCA_002508505.1.fa.gz,Methanosarcina sp. UBA304 (euryarchaeotes),,,,,
GCA_002502805.1.fa.gz,Methanosarcina sp. UBA323 (euryarchaeotes),,,,,
GCA_002505825.1.fa.gz,Methanosarcina sp. UBA338 (euryarchaeotes),,,,,
GCA_002509335.1.fa.gz,Methanosarcina sp. UBA342 (euryarchaeotes),,,,,
GCA_002501645.1.fa.gz,Methanosarcina sp. UBA361 (euryarchaeotes),,,,,
GCA_002494545.1.fa.gz,Methanosarcina sp. UBA363 (euryarchaeotes),,,,,
GCA_002506915.1.fa.gz,Methanosarcina sp. UBA369 (euryarchaeotes),,,,,
GCA_002495565.1.fa.gz,Methanosarcina sp. UBA376 (euryarchaeotes),,,,,
GCA_002506455.1.fa.gz,Methanosarcina sp. UBA383 (euryarchaeotes),,,,,
GCA_002508475.1.fa.gz,Methanosarcina sp. UBA392 (euryarchaeotes),,,,,
GCA_002506845.1.fa.gz,Methanosarcina sp. UBA398 (euryarchaeotes),,,,,
GCA_002509325.1.fa.gz,Methanosarcina sp. UBA402 (euryarchaeotes),,,,,
GCA_002495725.1.fa.gz,Methanosarcina sp. UBA411 (euryarchaeotes),,,,,
GCA_002506095.1.fa.gz,Methanosarcina sp. UBA423 (euryarchaeotes),,,,,
GCA_002494845.1.fa.gz,Methanosarcina sp. UBA43 (euryarchaeotes),,,,,
GCA_002496495.1.fa.gz,Methanosarcina sp. UBA47 (euryarchaeotes),,,,,
GCA_002505485.1.fa.gz,Methanosarcina sp. UBA5 (euryarchaeotes),,,,,
GCA_002503455.1.fa.gz,Methanosarcina sp. UBA591 (euryarchaeotes),,,,,
GCA_002508465.1.fa.gz,Methanosarcina sp. UBA7 (euryarchaeotes),,,,,
GCA_000970005.1.fa.gz,Methanosarcina sp. WH1 (euryarchaeotes),,,,,
GCA_000969965.1.fa.gz,Methanosarcina sp. WWM596 (euryarchaeotes),,,,,
GCA_002287235.1.fa.gz,Methanosarcina spelaei MC-15 (euryarchaeotes),,,,,
GCA_003584605.1.fa.gz,Methanosarcina thermophila (euryarchaeotes),,,,,
GCA_012719515.1.fa.gz,Methanosarcina thermophila (euryarchaeotes),,,,,
GCA_900116525.1.fa.gz,Methanosarcina thermophila (euryarchaeotes),,,,,
GCA_000969925.1.fa.gz,Methanosarcina thermophila CHTI-55 (euryarchaeotes),,,,,
GCA_027925105.1.fa.gz,Methanosarcina thermophila MST-A1 (euryarchaeotes),,,,,
GCA_000969885.1.fa.gz,Methanosarcina thermophila TM-1 (euryarchaeotes),,,,,
GCA_020804205.1.fa.gz,Methanosarcina vacuolata sp. DH1 (euryarchaeotes),,,,,
GCA_020804225.1.fa.gz,Methanosarcina vacuolata sp. DH2 (euryarchaeotes),,,,,
GCA_000969905.1.fa.gz,Methanosarcina vacuolata Z-761 (euryarchaeotes),,,,,
GCA_000007345.1.fa.gz,Methanosarcina_acetivorans_C2A (euryarchaeotes),,,,,
GCA_000007065.1.fa.gz,Methanosarcina_mazei_Go1 (euryarchaeotes),,,,,
GCA_023955635.1.fa.gz,Methanosarcinabarkeri sp. ERenArc_MAG2 (euryarchaeotes),,,,,
GCA_003857025.1.fa.gz,Methanothrix bin.308 (euryarchaeotes),,,,,
GCA_001603225.1.fa.gz,Methanothrix soehngenii,,,,,
GCA_023228095.1.fa.gz,Methanothrix soehngenii (euryarchaeotes),,,,,
GCA_028695655.1.fa.gz,Methanothrix soehngenii (euryarchaeotes),,,,,
GCA_028714415.1.fa.gz,Methanothrix soehngenii (euryarchaeotes),,,,,
GCA_028718625.1.fa.gz,Methanothrix soehngenii (euryarchaeotes),,,,,
GCA_913757535.1.fa.gz,Methanothrix soehngenii (euryarchaeotes),,,,,
GCA_000204415.1.fa.gz,Methanothrix soehngenii GP6 (euryarchaeotes),,,,,
GCA_012517695.1.fa.gz,Methanothrix soehngenii_AS27yjCOA_157 (euryarchaeotes),,,,,
GCA_011391755.1.fa.gz,Methanothrix sp. (euryarchaeotes),,,,,
GCA_011620785.1.fa.gz,Methanothrix sp. (euryarchaeotes),,,,,
GCA_012516895.1.fa.gz,Methanothrix sp. (euryarchaeotes),,,,,
GCA_012798025.1.fa.gz,Methanothrix sp. (euryarchaeotes),,,,,
GCA_012798255.1.fa.gz,Methanothrix sp. (euryarchaeotes),,,,,
GCA_016706325.1.fa.gz,Methanothrix sp. (euryarchaeotes),,,,,
GCA_017994055.1.fa.gz,Methanothrix sp. (euryarchaeotes),,,,,
GCA_017994095.1.fa.gz,Methanothrix sp. (euryarchaeotes),,,,,
GCA_018052825.1.fa.gz,Methanothrix sp. (euryarchaeotes),,,,,
GCA_018263315.1.fa.gz,Methanothrix sp. (euryarchaeotes),,,,,
GCA_018434885.1.fa.gz,Methanothrix sp. (euryarchaeotes),,,,,
GCA_018436085.1.fa.gz,Methanothrix sp. (euryarchaeotes),,,,,
GCA_018436955.1.fa.gz,Methanothrix sp. (euryarchaeotes),,,,,
GCA_020844815.1.fa.gz,Methanothrix sp. (euryarchaeotes),,,,,
GCA_022709165.1.fa.gz,Methanothrix sp. (euryarchaeotes),,,,,
GCA_022839085.1.fa.gz,Methanothrix sp. (euryarchaeotes),,,,,
GCA_022839595.1.fa.gz,Methanothrix sp. (euryarchaeotes),,,,,
GCA_022839925.1.fa.gz,Methanothrix sp. (euryarchaeotes),,,,,
GCA_022840385.1.fa.gz,Methanothrix sp. (euryarchaeotes),,,,,
GCA_022840505.1.fa.gz,Methanothrix sp. (euryarchaeotes),,,,,
GCA_022840705.1.fa.gz,Methanothrix sp. (euryarchaeotes),,,,,
GCA_022841105.1.fa.gz,Methanothrix sp. (euryarchaeotes),,,,,
GCA_023229165.1.fa.gz,Methanothrix sp. (euryarchaeotes),,,,,
GCA_023229265.1.fa.gz,Methanothrix sp. (euryarchaeotes),,,,,
GCA_025361645.1.fa.gz,Methanothrix sp. (euryarchaeotes),,,,,
GCA_026394475.1.fa.gz,Methanothrix sp. (euryarchaeotes),,,,,
GCA_026394505.1.fa.gz,Methanothrix sp. (euryarchaeotes),,,,,
GCA_026394555.1.fa.gz,Methanothrix sp. (euryarchaeotes),,,,,
GCA_026394565.1.fa.gz,Methanothrix sp. (euryarchaeotes),,,,,
GCA_028679545.1.fa.gz,Methanothrix sp. (euryarchaeotes),,,,,
GCA_028679595.1.fa.gz,Methanothrix sp. (euryarchaeotes),,,,,
GCA_028679705.1.fa.gz,Methanothrix sp. (euryarchaeotes),,,,,
GCA_028679775.1.fa.gz,Methanothrix sp. (euryarchaeotes),,,,,
GCA_028682845.1.fa.gz,Methanothrix sp. (euryarchaeotes),,,,,
GCA_028688175.1.fa.gz,Methanothrix sp. (euryarchaeotes),,,,,
GCA_028688535.1.fa.gz,Methanothrix sp. (euryarchaeotes),,,,,
GCA_028705155.1.fa.gz,Methanothrix sp. (euryarchaeotes),,,,,
GCA_028708055.1.fa.gz,Methanothrix sp. (euryarchaeotes),,,,,
GCA_029972695.1.fa.gz,Methanothrix sp. (euryarchaeotes),,,,,
GCA_029975195.1.fa.gz,Methanothrix sp. (euryarchaeotes),,,,,
GCA_030372945.1.fa.gz,Methanothrix sp. (euryarchaeotes),,,,,
GCA_016927055.1.fa.gz,Methanotrichaceae Zod_Metabat.543 (euryarchaeotes),,,,,
Accession.fa.gz,Organism,,,,,
GCA_902385025.1.fa.gz,uncultured archaeon (archaea),,,,,
GCA_902496735.1.fa.gz,uncultured Methanobacterium sp. (euryarchaeotes),,,,,
GCA_937902655.1.fa.gz,uncultured Methanobacterium sp. (euryarchaeotes),,,,,
GCA_937875365.1.fa.gz,uncultured Methanosarcina sp. (euryarchaeotes),,,,,
GCA_937875435.1.fa.gz,uncultured Methanosarcina sp. (euryarchaeotes),,,,,
GCA_937895145.1.fa.gz,uncultured Methanosarcina sp. (euryarchaeotes),,,,,
GCA_937927705.1.fa.gz,uncultured Methanosarcina sp. (euryarchaeotes),,,,,
GCA_903840245.1.fa.gz,uncultured Methanosarcinales archaeon (euryarchaeotes),,,,,
GCA_903855125.1.fa.gz,uncultured Methanosarcinales archaeon (euryarchaeotes),,,,,
GCA_903871465.1.fa.gz,uncultured Methanosarcinales archaeon (euryarchaeotes),,,,,
GCA_903883005.1.fa.gz,uncultured Methanosarcinales archaeon (euryarchaeotes),,,,,
GCA_903908335.1.fa.gz,uncultured Methanosarcinales archaeon (euryarchaeotes),,,,,
GCA_903917215.1.fa.gz,uncultured Methanosarcinales archaeon (euryarchaeotes),,,,,
GCA_903918355.1.fa.gz,uncultured Methanosarcinales archaeon (euryarchaeotes),,,,,
GCA_903921895.1.fa.gz,uncultured Methanosarcinales archaeon (euryarchaeotes),,,,,
GCA_903921935.1.fa.gz,uncultured Methanosarcinales archaeon (euryarchaeotes),,,,,
GCA_937864385.1.fa.gz,uncultured Methanosarcinales archaeon (euryarchaeotes),,,,,
GCA_937900655.1.fa.gz,uncultured Methanosarcinales archaeon (euryarchaeotes),,,,,
,,,,,,
Need to add the missing MAGs and cultured reps,,,,,,